<?xml version="1.0" encoding="UTF-8"?>
<entity-eca xmlns:xsi="http://www.w3.org/2001/XMLSchema-instance"
	xsi:noNamespaceSchemaLocation="http://ofbiz.apache.org/dtds/entity-eca.xsd">
	<eca entity="InventorynTransfer" operation="create" event="return">
		<condition operator="not-equals" field-name="onhand" value="0" type="Long"/>
		<action service="updateInventorynItemToOnhead" mode="sync" value-attr="inventoryn"/>
	</eca>
	<eca entity="InventorynTransfer" operation="create" event="return">
		<condition operator="not-equals" field-name="promise" value="0" type="Long"/>
		<action service="updateInventorynItemToPromise" mode="sync" value-attr="inventoryn"/>
	</eca>
</entity-eca>
