<?xml version="1.0" encoding="UTF-8"?>
<entitymodel xmlns:xsi="http://www.w3.org/2001/XMLSchema-instance"
	xsi:noNamespaceSchemaLocation="http://ofbiz.apache.org/dtds/entitymodel.xsd">
	<title>Entity of an Open For Business Project Component</title>
	<description>None</description>
	<version>1.0</version>
	<!-- 命令receiveCommand -->	
	<entity entity-name="ReceiveCommand" package-name="org.ofbiz.inventory.receive"
		title="ReceiveCommand Entity">
		<field name="docId" type="d-id"></field>
		<field name="baseEntry" type="d-id"></field>
		<field name="extSystemNo" type="name"></field>
		<field name="extDocNo" type="name"></field>
		<field name="docDate" type="date-time"></field>
		<field name="postingDate" type="date-time"></field>
		<field name="docStatus" type="name"></field>
		<field name="memo" type="name"></field>
		<field name="updateDate" type="date-time"></field>
		<field name="status" type="name"></field>
		<field name="isSync" type="name"></field>
		<field name="partyId" type="id"></field>
		<field name="partyIdFrom" type="id"></field>
		<field name="printNum" type="numeric"></field>
		<!-- 外键 -->
		<field name="movementTypeId" type="id"></field>
		<field name="userId" type="id"></field>
		<field name="updateUserId" type="id"></field>
		<field name="productStoreId" type="id"></field>
		<field name="productStoreIdFrom" type="id"></field>
		<!-- 结束 -->
		<prim-key field="docId" />
		<!--  配置外键关系
		<relation type="one" rel-entity-name="MovementType">
			<key-map field-name="movementTypeId" />
		</relation>
		<relation type="one" rel-entity-name="ProductStore">
			<key-map field-name="productStoreId" rel-field-name="productStoreId" />
			<key-map field-name="productStoreIdFrom" rel-field-name="productStoreId" />
		</relation>
		<relation type="one" rel-entity-name="Person">
			<key-map field-name="userId" rel-field-name="partyId" />
			<key-map field-name="updateUserId" rel-field-name="partyId" />
		</relation> -->
	</entity>
	<view-entity entity-name="ReceiveCommandAndProductStore"
		package-name="org.ofbiz.inventory.receive"
		title="ReceiveCommand,MovementType,ProductStore and Party View Entity">
		<member-entity entity-alias="RC" entity-name="ReceiveCommand" />
		<member-entity entity-alias="PS" entity-name="ProductStore" />
		<member-entity entity-alias="PS1" entity-name="ProductStore" />
		<member-entity entity-alias="PE" entity-name="Person"/>
		<member-entity entity-alias="PE1" entity-name="Person"/>
		<member-entity entity-alias="MTC" entity-name="MovementTypeCatalog" />
		<member-entity entity-alias="MT" entity-name="MovementType" />
		
		<alias-all entity-alias="RC" />
		<alias entity-alias="MTC" name="orderType" />
		<alias entity-alias="PS" name="storeName" />
		<alias entity-alias="PS1" name="storeNameFrom" field="storeName" />
		<alias entity-alias="PE" name="firstName" />
		<alias entity-alias="PE" name="middleName" />
		<alias entity-alias="PE" name="lastName" />
		<alias entity-alias="PE1" name="updateFirstName" field="firstName"/>
		<alias entity-alias="PE1" name="updateMiddleName" field="middleName"/>
		<alias entity-alias="PE1" name="updateLastName" field="lastName"/>
		<view-link entity-alias="RC" rel-entity-alias="PS" rel-optional="true">
			<key-map field-name="productStoreId" rel-field-name="productStoreId"/>
		</view-link>
		<view-link entity-alias="RC" rel-entity-alias="PS1" rel-optional="true">
			<key-map field-name="productStoreIdFrom" rel-field-name="productStoreId"/>
		</view-link>
		<view-link entity-alias="RC" rel-entity-alias="PE" rel-optional="true">
			<key-map field-name="userId" rel-field-name="partyId" />
		</view-link>
		<view-link entity-alias="RC" rel-entity-alias="PE1" rel-optional="true">
			<key-map field-name="updateUserId" rel-field-name="partyId" />
		</view-link>
		<view-link entity-alias="RC" rel-entity-alias="MT" rel-optional="true">
			<key-map field-name="movementTypeId"/>
		</view-link>
		<view-link  entity-alias="MT" rel-entity-alias="MTC" rel-optional="true">
			<key-map field-name="movementTypeId" />
		</view-link>
	</view-entity>

	<entity entity-name="ReceiveDoc" package-name="org.ofbiz.inventory.receive"
		title="ReceiveDoc Entity">
		<field name="docId" type="d-id"></field>
		<field name="extSystemNo" type="name"></field>
		<field name="extDocNo" type="name"></field>
		<field name="docDate" type="date-time"></field>
		<field name="postingDate" type="date-time" ></field>
		<field name="docStatus" type="name"></field>
		<field name="memo" type="name"></field>
		<field name="updateDate" type="date-time"></field>
		<field name="status" type="name"></field>
		<field name="isSync" type="name"></field>
		<field name="printNum" type="numeric"></field>
		<!-- 外键 -->
		<field name="baseEntry" type="d-id"></field>
		<field name="movementTypeId" type="id"></field>
		<field name="userId" type="id"></field>
		<field name="updateUserId" type="id"></field>
		<field name="productStoreId" type="id"></field>
		<field name="productStoreIdFrom" type="id"></field>
		<field name="partyId" type="id"></field>
		<field name="partyIdFrom" type="id"></field>
		<!-- 结束 -->
		<prim-key field="docId" />
		<!--  配置外键关系 
		<relation type="one" rel-entity-name="MovementType">
			<key-map field-name="movementTypeId" />
		</relation>
		<relation type="one" rel-entity-name="ReceiveCommand">
			<key-map field-name="baseEntry" rel-field-name="docId" />
		</relation>
		<relation type="one-nofk" rel-entity-name="ProductStore">
			<key-map field-name="productStoreId" rel-field-name="productStoreId" />
		</relation>
		<relation type="one-nofk" rel-entity-name="ProductStore">
			<key-map field-name="productStoreIdFrom" rel-field-name="productStoreId" />
		</relation>
		<relation type="many" rel-entity-name="ProductStore">
			<key-map field-name="productStoreId" />
			<key-map field-name="productStoreIdFrom" />
		</relation>
		<relation type="one-nofk" rel-entity-name="Party">
			<key-map field-name="partyId" rel-field-name="partyId" />
		</relation>
		<relation type="one-nofk" rel-entity-name="Party">
			<key-map field-name="partyIdFrom" rel-field-name="partyId" />
		</relation>
		<relation type="many" rel-entity-name="Party">
			<key-map field-name="partyId" />
			<key-map field-name="partyIdFrom" />
		</relation>-->
	</entity>
	<view-entity entity-name="ReceiveDocAndProductStore"
		package-name="org.ofbiz.inventory.receive"
		title="ReceiveCommand,MovementType,ProductStore and Party View Entity">
		<member-entity entity-alias="RD" entity-name="ReceiveDoc" />
		<member-entity entity-alias="PS" entity-name="ProductStore" />
		<member-entity entity-alias="PS1" entity-name="ProductStore" />
		<member-entity entity-alias="PE" entity-name="Person" />
		<member-entity entity-alias="PE1" entity-name="Person" />
		<member-entity entity-alias="MTC" entity-name="MovementTypeCatalog" />
		<member-entity entity-alias="MT" entity-name="MovementType" />
		
		<alias-all entity-alias="RD" />
		<alias entity-alias="MTC" name="orderType" />
		<alias entity-alias="PS" name="storeName" />
		<alias entity-alias="PS1" name="storeNameFrom" field="storeName" />
		<alias entity-alias="PE" name="partyId" />
		<alias entity-alias="PE" name="firstName" />
		<alias entity-alias="PE" name="middleName" />
		<alias entity-alias="PE" name="lastName" />
		<alias entity-alias="PE1" name="updateFirstName" field="firstName"/>
		<alias entity-alias="PE1" name="updateMiddleName" field="middleName"/>
		<alias entity-alias="PE1" name="updateLastName" field="lastName"/>

		<view-link entity-alias="RD" rel-entity-alias="PS" rel-optional="true">
			<key-map field-name="productStoreId" />
		</view-link>
		<view-link entity-alias="RD" rel-entity-alias="PS1" rel-optional="true">
			<key-map field-name="productStoreIdFrom" rel-field-name="productStoreId"/>
		</view-link>
		<view-link entity-alias="RD" rel-entity-alias="PE" rel-optional="true">
			<key-map field-name="userId" rel-field-name="partyId" />
		</view-link>
		<view-link entity-alias="RD" rel-entity-alias="PE1" rel-optional="true">
			<key-map field-name="updateUserId" rel-field-name="partyId" />
		</view-link>
		<view-link entity-alias="RD" rel-entity-alias="MT" rel-optional="true">
			<key-map field-name="movementTypeId"/>
		</view-link>
		<view-link  entity-alias="MT" rel-entity-alias="MTC" rel-optional="true">
			<key-map field-name="movementTypeId" />
		</view-link>
	</view-entity>
	<entity entity-name="ReceiveItem" package-name="org.ofbiz.inventory.receive"
		title="ReceiveItem Entity">
		<field name="docId" type="d-id"></field>
		<field name="baseEntry" type="d-id"></field>
		<field name="baseLineNo" type="numeric"></field>
		<field name="lineNo" type="numeric"></field>
		<field name="memo" type="name"></field>
		<field name="quantity" type="numeric"></field>
		<field name="isSequence" type="name"></field>
		<field name="idValue" type="name"></field>
		<!-- 外键 -->
		<field name="faultTypeId" type="id"></field>
		<field name="productId" type="id"></field>
		<field name="sequenceId" type="id"></field>
		<field name="facilityId" type="id"></field>
		<field name="facilityIdFrom" type="id"></field>
		<!-- 结束 -->
		<prim-key field="docId" />
		<prim-key field="lineNo" />
		<!--  配置外键关系
		<relation type="one" rel-entity-name="Product">
			<key-map field-name="productId" />
		</relation>
		<relation type="one" rel-entity-name="ProductSequence">
			<key-map field-name="sequenceId" />
		</relation>
		<relation type="one-nofk" rel-entity-name="Facility">
			<key-map field-name="facilityId" rel-field-name="facilityId" />
		</relation>
		<relation type="one-nofk" rel-entity-name="Facility">
			<key-map field-name="facilityIdTo" rel-field-name="facilityId" />
		</relation>
		<relation type="many" rel-entity-name="Facility">
			<key-map field-name="facilityId" />
			<key-map field-name="facilityIdTo" />
		</relation> -->
	</entity>
	<view-entity entity-name="ReceiveItemAndProduct"
		package-name="org.ofbiz.inventory.receive"
		title="ReceiveCommand,Product,ProductSequence and FacilityView Entity">
		<member-entity entity-alias="RI" entity-name="ReceiveItem" />
		<member-entity entity-alias="PR" entity-name="Product" />
		<member-entity entity-alias="II" entity-name="InventorynItem" />
		<member-entity entity-alias="FA" entity-name="Facility" />
		<member-entity entity-alias="FA1" entity-name="Facility" />
		<member-entity entity-alias="RIC" entity-name="ReceiveItemcommand" />
		
		<alias-all entity-alias="RI" />
		<alias entity-alias="PR" name="productName" />
		<alias entity-alias="PR" name="config" />
		<alias entity-alias="PR" name="brandName" />

		<alias entity-alias="II" name="onhand" />
		<alias entity-alias="II" name="promise" />

		<alias entity-alias="FA" name="facilityName" />
		<alias entity-alias="FA1" name="facNameFrom" field="facilityName" />
		
		<alias entity-alias="RIC" name="planQuantity" field="quantity"/>
		<alias entity-alias="RIC" name="receiveQuantity"/>
		
		<view-link entity-alias="RI" rel-entity-alias="PR" rel-optional="true">
			<key-map field-name="productId" />
		</view-link>
		<view-link entity-alias="RI" rel-entity-alias="FA" rel-optional="true">
			<key-map field-name="facilityId" />
		</view-link>
		<view-link entity-alias="RI" rel-entity-alias="RIC" rel-optional="true">
			<key-map field-name="baseEntry" rel-field-name="docId"/>
			<key-map field-name="baseLineNo" rel-field-name="lineNo"/>
		</view-link>
		<view-link entity-alias="RI" rel-entity-alias="FA1" rel-optional="true">
			<key-map field-name="facilityIdFrom" rel-field-name="facilityId"/>
		</view-link>
		<view-link entity-alias="RI" rel-entity-alias="II" rel-optional="true">
			<key-map field-name="productId" />
			<key-map field-name="facilityId" />
		</view-link>
	</view-entity>
	<view-entity entity-name="ReceiveItemcommandAndDeliveryItem" package-name="org.ofbiz.inventory.receive">
		<member-entity entity-alias="RIC" entity-name="ReceiveItemcommand" />
		<member-entity entity-alias="RI" entity-name="ReceiveItem" />
		<alias-all entity-alias="RIC" />
		<alias-all entity-alias="RI" />
		<view-link entity-alias="RI" rel-entity-alias="RIC" rel-optional="true">
			<key-map field-name="baseEntry" rel-field-name="docId"/>
			<key-map field-name="baseLineNo" rel-field-name="lineNo"/>
		</view-link>
	</view-entity>
	<entity entity-name="ReceiveItemcommand" package-name="org.ofbiz.inventory.receive"
		title="ReceiveItemcommand Entity">
		<field name="docId" type="d-id"></field>
		<field name="baseEntry" type="d-id"></field>
		<field name="baseLineNo" type="numeric"></field>
		<field name="lineNo" type="numeric"></field>
		<field name="memo" type="name"></field>
		<field name="quantity" type="numeric"></field>
		<field name="receiveQuantity" type="numeric" ></field>
		<field name="isSequence" type="name"></field>
		<field name="idValue" type="name"></field>
		<!-- 外键 -->
		<field name="faultTypeId" type="id"></field>
		<field name="productId" type="id"></field>
		<field name="sequenceId" type="id"></field>
		<field name="facilityId" type="id"></field>
		<field name="facilityIdFrom" type="id"></field>
		<field name="extDocDemo" type="id"></field>
		<!-- 结束 -->
		<prim-key field="docId" />
		<prim-key field="lineNo" />
		<!--  配置外键关系 
		<relation type="one" rel-entity-name="Product">
			<key-map field-name="productId" />
		</relation>
		<relation type="one" rel-entity-name="ProductSequence">
			<key-map field-name="sequenceId" />
		</relation>
		<relation type="one-nofk" rel-entity-name="Facility">
			<key-map field-name="facilityId" rel-field-name="facilityId" />
		</relation>
		<relation type="one-nofk" rel-entity-name="Facility">
			<key-map field-name="facilityIdFrom" rel-field-name="facilityId" />
		</relation>
		<relation type="many" rel-entity-name="Facility">
			<key-map field-name="facilityId" />
			<key-map field-name="facilityIdFrom" />
		</relation>-->
	</entity>
	<view-entity entity-name="ReceiveItemcommandAndProductStore"
		package-name="org.ofbiz.inventory.receive"
		title="ReceiveItemcommand,Product,ProductSequence and Facility View Entity">
		<member-entity entity-alias="RIC" entity-name="ReceiveItemcommand" />
		<member-entity entity-alias="PR" entity-name="Product" />
		<member-entity entity-alias="FA" entity-name="Facility" />
		<member-entity entity-alias="FA1" entity-name="Facility" />

		<alias-all entity-alias="RIC" />

		<alias entity-alias="PR" name="productName" />
		<alias entity-alias="PR" name="config" />
		<alias entity-alias="PR" name="brandName" />

		<alias entity-alias="FA" name="facilityName" />
		<alias entity-alias="FA1" name="facNameFrom" field="facilityName" />

		<view-link entity-alias="RIC" rel-entity-alias="PR" rel-optional="true">
			<key-map field-name="productId" />
		</view-link>
		<view-link entity-alias="RIC" rel-entity-alias="FA" rel-optional="true">
			<key-map field-name="facilityId" />
		</view-link>
		<view-link entity-alias="RIC" rel-entity-alias="FA1" rel-optional="true">
			<key-map field-name="facilityIdFrom" rel-field-name="facilityId"/>
		</view-link>
	</view-entity>
	<!-- 收货指令 -->
	<view-entity entity-name="ReceiveCommandView"
		package-name="org.ofbiz.inventory" title="ReceiveCommandView">
		<member-entity entity-alias="RC" entity-name="ReceiveCommand" />
		<member-entity entity-alias="PS" entity-name="ProductStore" />
		<member-entity entity-alias="MT" entity-name="MovementType" />
		<member-entity entity-alias="MTC" entity-name="MovementTypeCatalog" />
		
		<alias entity-alias="MTC" name="orderType" />
		<alias entity-alias="MT" name="movementTypeName" />
		<alias entity-alias="RC" name="docId" />
		<alias entity-alias="RC" name="memo" />
		<alias entity-alias="RC" name="docDate" />
		<alias entity-alias="PS" name="storeName" />
		<view-link entity-alias="RC" rel-entity-alias="PS">
			<key-map field-name="productStoreId" rel-field-name="productStoreId"/>
		</view-link>
		<view-link entity-alias="RC" rel-entity-alias="MT">
			<key-map field-name="movementTypeId"/>
		</view-link>
		<view-link entity-alias="MT" rel-entity-alias="MTC">
			<key-map field-name="movementTypeId"/>
		</view-link>
	</view-entity>
</entitymodel>