<?xml version="1.0" encoding="UTF-8" standalone="no"?>
<entitymodel xmlns:xsi="http://www.w3.org/2001/XMLSchema-instance" xsi:noNamespaceSchemaLocation="http://ofbiz.apache.org/dtds/entitymodel.xsd">
	<title/>
	<description/>
	<version>1.0</version>
	<entity entity-name="Inventory" package-name="org.ofbiz.inventory.inventoryDetail">
		<field name="docId" type="d-id"/>
		<field name="baseEntry" type="d-id"/>
		<field name="docDate" type="date-time"/>
		<field name="updateDate" type="date-time"/>
		<field name="approveDate" type="date-time"/>
		<field name="baseEntity" type="name"></field>
		<field name="extSystemNo" type="name"></field>
		<field name="userId" type="id"/>
		<field name="updateUserId" type="id"/>
		<field name="docStatus" type="name"/>
		<field name="status" type="name"/>
		<field name="memo" type="name"/>
		<field name="partyId" type="name"/>
		<field name="printNum" type="numeric"/>
		<field name="productStoreId" type="id"/>
		<field name="approveUserId" type="id"/>
		<field name="isSync" type="name"/>
		<field name="attrName1" type="name"/>
		<field name="attrName2" type="name"/>
		<field name="attrName3" type="name"/>
		<field name="attrName4" type="name"/>
		<field name="attrName5" type="name"/>
		<field name="attrName6" type="name"/>
		<field name="attrName7" type="name"/>
		<field name="attrName8" type="name"/>
		<field name="attrName9" type="name"/>
		<field name="attrName10" type="name"/>
		<prim-key field="docId"/>
	</entity>
	<entity entity-name="InventoryDetail" package-name="org.ofbiz.inventory.inventoryDetail" title="InventoryDetail Entity">
		<field name="docId" type="d-id"/>
		<field name="baseEntry" type="d-id"/>
		<field name="lineNo" type="numeric"/>
		<field name="baseLienNo" type="numeric"/>
		<field name="memo" type="name"/>
		<field name="quantity" type="numeric"/>
		<field name="onHand" type="numeric"/>
		<field name="productId" type="name"/>
		<field name="idValue" type="name"/>
		<field name="sequenceId" type="name"/>
		<field name="facilityId" type="name"/>
		<field name="isSequence" type="name"/>
		<field name="attrName1" type="name"/>
		<field name="attrName2" type="name"/>
		<field name="attrName3" type="name"/>
		<field name="attrName4" type="name"/>
		<field name="attrName5" type="name"/>
		<field name="attrName6" type="name"/>
		<field name="attrName7" type="name"/>
		<field name="attrName8" type="name"/>
		<field name="attrName9" type="name"/>
		<field name="attrName10" type="name"/>
		<prim-key field="docId"/>
		<prim-key field="lineNo"/>
	</entity>
	<view-entity entity-name="InventoryAndUser" package-name="org.ofbiz.inventory.inventoryDetail">
		<member-entity entity-alias="INV" entity-name="Inventory" />
		<member-entity entity-alias="PE" entity-name="Person" />
		<member-entity entity-alias="PE1" entity-name="Person" />
		<alias-all entity-alias="INV"/>
		<alias entity-alias="PE" name="lastName"/> 
        <alias entity-alias="PE" name="middleName"/> 
        <alias entity-alias="PE" name="firstName"/> 
		<alias entity-alias="PE1" name="updateLastName" field="lastName"/> 
        <alias entity-alias="PE1" name="updateMiddleName" field="middleName"/> 
        <alias entity-alias="PE1" name="updateFirstName" field="firstName"/> 
		<view-link entity-alias="INV" rel-entity-alias="PE" rel-optional="true">
			<key-map field-name="userId" rel-field-name="partyId" />
		</view-link>
		<view-link entity-alias="INV" rel-entity-alias="PE1" rel-optional="true">
			<key-map field-name="updateUserId" rel-field-name="partyId" />
		</view-link>
	</view-entity>
	<view-entity entity-name="InventoryDetailAndProductAndFacility" package-name="org.ofbiz.inventory.inventoryDetail">
		<member-entity entity-alias="IND" entity-name="InventoryDetail" />
		<member-entity entity-alias="PR" entity-name="Product" />
		<member-entity entity-alias="FA" entity-name="Facility" />
		<alias-all entity-alias="IND" />
		<alias entity-alias="PR" name="productName"/>
		<alias entity-alias="FA" name="facilityName"/>
		<view-link entity-alias="IND" rel-entity-alias="PR" rel-optional="true">
			<key-map field-name="productId" />
		</view-link>
		<view-link entity-alias="IND" rel-entity-alias="FA" rel-optional="true">
			<key-map field-name="facilityId" />
		</view-link>
	</view-entity>
</entitymodel>
